title,company,url,crawled_at
Việc làm Lao động phổ thông,,https://www.topcv.vn/tim-viec-lam-lao-dong-pho-thong-cr1042,2026-01-30T04:35:31.293434
Việc làm Công nghệ Thông tin,,https://www.topcv.vn/tim-viec-lam-cong-nghe-thong-tin-cr257,2026-01-30T04:35:31.293434
Backend Developer,,https://www.topcv.vn/tim-viec-lam-backend-developer-cr257cb258cl272,2026-01-30T04:35:31.293434
Mobile Developer,,https://www.topcv.vn/tim-viec-lam-mobile-developer-cr257cb258cl274,2026-01-30T04:35:31.293434
Fullstack Developer,,https://www.topcv.vn/tim-viec-lam-fullstack-developer-cr257cb258cl275,2026-01-30T04:35:31.293434
Software Engineer,,https://www.topcv.vn/tim-viec-lam-software-engineer-cr257cb258cl271,2026-01-30T04:35:31.293434
Frontend Developer,,https://www.topcv.vn/tim-viec-lam-frontend-developer-cr257cb258cl273,2026-01-30T04:35:31.293434
Software Engineering,,https://www.topcv.vn/tim-viec-lam-software-engineering-cr257cb258,2026-01-30T04:35:31.295484
Việc làm Kinh doanh/Bán hàng,,https://www.topcv.vn/tim-viec-lam-kinh-doanh-ban-hang-cr1,2026-01-30T04:35:31.295484
Việc làm Marketing/PR/Quảng cáo,,https://www.topcv.vn/tim-viec-lam-marketing-pr-quang-cao-cr92,2026-01-30T04:35:31.295484
Việc làm Chăm sóc khách hàng (Customer Service)/Vận hành,,https://www.topcv.vn/tim-viec-lam-cham-soc-khach-hang-customer-service-van-hanh-cr158,2026-01-30T04:35:31.295484
Việc làm Nhân sự/Hành chính/Pháp chế,,https://www.topcv.vn/tim-viec-lam-nhan-su-hanh-chinh-phap-che-cr177,2026-01-30T04:35:31.295484
Việc làm Tài chính/Ngân hàng/Bảo hiểm,,https://www.topcv.vn/tim-viec-lam-tai-chinh-ngan-hang-bao-hiem-cr206,2026-01-30T04:35:31.295484
Việc làm Bất động sản,,https://www.topcv.vn/tim-viec-lam-bat-dong-san-cr333,2026-01-30T04:35:31.295484
Việc làm Xây dựng,,https://www.topcv.vn/tim-viec-lam-xay-dung-cr1080,2026-01-30T04:35:31.295484
Việc làm Kế toán/Kiểm toán/Thuế,,https://www.topcv.vn/tim-viec-lam-ke-toan-kiem-toan-thue-cr392,2026-01-30T04:35:31.295484
Việc làm Sản xuất,,https://www.topcv.vn/tim-viec-lam-san-xuat-cr417,2026-01-30T04:35:31.295484
Việc làm Giáo dục/Đào tạo,,https://www.topcv.vn/tim-viec-lam-giao-duc-dao-tao-cr477,2026-01-30T04:35:31.295484
Việc làm Bán lẻ/Dịch vụ đời sống,,https://www.topcv.vn/tim-viec-lam-ban-le-dich-vu-doi-song-cr544,2026-01-30T04:35:31.295484
Việc làm Phim và truyền hình/Báo chí/Xuất bản,,https://www.topcv.vn/tim-viec-lam-phim-va-truyen-hinh-bao-chi-xuat-ban-cr612,2026-01-30T04:35:31.295484
Việc làm Điện/Điện tử/Viễn thông,,https://www.topcv.vn/tim-viec-lam-dien-dien-tu-vien-thong-cr644,2026-01-30T04:35:31.295484
Việc làm Logistics/Thu mua/Kho/Vận tải,,https://www.topcv.vn/tim-viec-lam-logistics-thu-mua-kho-van-tai-cr711,2026-01-30T04:35:31.295484
Việc làm Tư vấn chuyên môn,,https://www.topcv.vn/tim-viec-lam-tu-van-chuyen-mon-cr750,2026-01-30T04:35:31.295484
Việc làm Dược/Y tế/Sức khoẻ/Công nghệ sinh học,,https://www.topcv.vn/tim-viec-lam-duoc-y-te-suc-khoe-cong-nghe-sinh-hoc-cr781,2026-01-30T04:35:31.295484
Việc làm Thiết kế,,https://www.topcv.vn/tim-viec-lam-thiet-ke-cr826,2026-01-30T04:35:31.295484
Việc làm Nhà hàng/Khách sạn/Du lịch,,https://www.topcv.vn/tim-viec-lam-nha-hang-khach-san-du-lich-cr857,2026-01-30T04:35:31.295484
Việc làm Năng lượng/Môi trường/Nông nghiệp,,https://www.topcv.vn/tim-viec-lam-nang-luong-moi-truong-nong-nghiep-cr883,2026-01-30T04:35:31.295484
Việc làm Tài xế,,https://www.topcv.vn/tim-viec-lam-tai-xe-cr1010,2026-01-30T04:35:31.295484
Việc làm Biên phiên dịch,,https://www.topcv.vn/tim-viec-lam-bien-phien-dich-cr1013,2026-01-30T04:35:31.295484
Việc làm Luật,,https://www.topcv.vn/tim-viec-lam-luat-cr1014,2026-01-30T04:35:31.295484
Việc làm Nhóm nghề khác,,https://www.topcv.vn/tim-viec-lam-nhom-nghe-khac-cr899,2026-01-30T04:35:31.295484
Việc làm Tài xế,,https://www.topcv.vn/tim-viec-lam-tai-xe-cr1042cb1049,2026-01-30T04:35:31.295484
Việc làm Công nhân,,https://www.topcv.vn/tim-viec-lam-cong-nhan-cr1042cb1045,2026-01-30T04:35:31.295484
Linkedin,,https://www.linkedin.com/oauth/v2/authorization,2026-01-30T04:35:31.295484
PHP Developer ERP Cross-Border – YII – Tiếng Trung,,https://www.topcv.vn/viec-lam/php-developer-erp-cross-border-yii-tieng-trung/2007243.html,2026-01-30T04:35:38.674984
Blockchain Engineer,,https://www.topcv.vn/tim-viec-lam-blockchain-engineer-cr257cb258cl276,2026-01-30T04:35:46.083669
