title,company,salary,location,url,source,crawled_at
Danh sách việc làm đã lưu,,Thỏa thuận,,https://www.topcv.vn/viec-lam-da-luu,TopCV,2026-01-30T04:08:09.052237
Việc làm phù hợp,,Thỏa thuận,,https://www.topcv.vn/viec-lam-phu-hop,TopCV,2026-01-30T04:08:09.052237
Việc làm Nhân viên kinh doanh,,Thỏa thuận,,https://www.topcv.vn/tim-viec-lam-nhan-vien-kinh-doanh,TopCV,2026-01-30T04:08:09.052237
Việc làm Kế toán,,Thỏa thuận,,https://www.topcv.vn/tim-viec-lam-ke-toan,TopCV,2026-01-30T04:08:09.052237
Việc làm Marketing,,Thỏa thuận,,https://www.topcv.vn/tim-viec-lam-marketing,TopCV,2026-01-30T04:08:09.052237
Việc làm Hành chính nhân sự,,Thỏa thuận,,https://www.topcv.vn/tim-viec-lam-hanh-chinh-nhan-su,TopCV,2026-01-30T04:08:09.052237
Viêc làm Chăm sóc khách hàng,,Thỏa thuận,,https://www.topcv.vn/tim-viec-lam-nhan-vien-cham-soc-khach-hang,TopCV,2026-01-30T04:08:09.052237
Việc làm Ngân hàng,,Thỏa thuận,,https://www.topcv.vn/tim-viec-lam-ngan-hang,TopCV,2026-01-30T04:08:09.052237
Việc làm Lao động phổ thông,,Thỏa thuận,,https://www.topcv.vn/tim-viec-lam-lao-dong-pho-thong-cr1042,TopCV,2026-01-30T04:08:09.052237
Việc làm Senior,,Thỏa thuận,,https://www.topcv.vn/viec-lam-senior,TopCV,2026-01-30T04:08:09.052237
Việc làm Kỹ sư xây dựng,,Thỏa thuận,,https://www.topcv.vn/tim-viec-lam-ky-su-xay-dung,TopCV,2026-01-30T04:08:09.052237
Việc làm Thiết kế đồ hoạ,,Thỏa thuận,,https://www.topcv.vn/tim-viec-lam-thiet-ke-do-hoa-designer,TopCV,2026-01-30T04:08:09.052237
Việc làm Bất động sản,,Thỏa thuận,,https://www.topcv.vn/tim-viec-lam-bat-dong-san,TopCV,2026-01-30T04:08:09.052237
Việc làm Giáo dục,,Thỏa thuận,,https://www.topcv.vn/tim-viec-lam-giao-duc,TopCV,2026-01-30T04:08:09.052237
Việc làm telesales,,Thỏa thuận,,https://www.topcv.vn/tim-viec-lam-nhan-vien-telesales,TopCV,2026-01-30T04:08:09.052237
Việc làm Công nghệ Thông tin,,Thỏa thuận,,https://www.topcv.vn/tim-viec-lam-cong-nghe-thong-tin-cr257,TopCV,2026-01-30T04:08:09.052237
Backend Developer,,Thỏa thuận,,https://www.topcv.vn/tim-viec-lam-backend-developer-cr257cb258cl272,TopCV,2026-01-30T04:08:09.052237
IT - Phần mềm,,Thỏa thuận,,https://www.topcv.vn/tim-viec-lam-moi-nhat,TopCV,2026-01-30T04:08:09.052237
Nghỉ thứ 7,,Thỏa thuận,,https://www.topcv.vn/tim-viec-lam-nghi-thu-7,TopCV,2026-01-30T04:08:09.052237
Mobile Developer,,Thỏa thuận,,https://www.topcv.vn/tim-viec-lam-mobile-developer-cr257cb258cl274,TopCV,2026-01-30T04:08:09.052237
Fullstack Developer,,Thỏa thuận,,https://www.topcv.vn/tim-viec-lam-fullstack-developer-cr257cb258cl275,TopCV,2026-01-30T04:08:09.067932
Software Engineer,,Thỏa thuận,,https://www.topcv.vn/tim-viec-lam-software-engineer-cr257cb258cl271,TopCV,2026-01-30T04:08:09.067932
Frontend Developer,,Thỏa thuận,,https://www.topcv.vn/tim-viec-lam-frontend-developer-cr257cb258cl273,TopCV,2026-01-30T04:08:09.067932
Software Engineering,,Thỏa thuận,,https://www.topcv.vn/tim-viec-lam-software-engineering-cr257cb258,TopCV,2026-01-30T04:08:09.147227
việc làm mới nhất tại Hà Nội,,Thỏa thuận,,https://www.topcv.vn/tim-viec-lam-moi-nhat-tai-ha-noi-l1,TopCV,2026-01-30T04:08:09.147227
việc làm mới nhất tại TP.HCM,,Thỏa thuận,,https://www.topcv.vn/tim-viec-lam-moi-nhat-tai-ho-chi-minh-l2,TopCV,2026-01-30T04:08:09.147227
Việc làm Kinh doanh/Bán hàng,,Thỏa thuận,,https://www.topcv.vn/tim-viec-lam-kinh-doanh-ban-hang-cr1,TopCV,2026-01-30T04:08:09.147227
Việc làm Marketing/PR/Quảng cáo,,Thỏa thuận,,https://www.topcv.vn/tim-viec-lam-marketing-pr-quang-cao-cr92,TopCV,2026-01-30T04:08:09.147227
Việc làm Chăm sóc khách hàng (Customer Service)/Vận hành,,Thỏa thuận,,https://www.topcv.vn/tim-viec-lam-cham-soc-khach-hang-customer-service-van-hanh-cr158,TopCV,2026-01-30T04:08:09.147227
Việc làm Nhân sự/Hành chính/Pháp chế,,Thỏa thuận,,https://www.topcv.vn/tim-viec-lam-nhan-su-hanh-chinh-phap-che-cr177,TopCV,2026-01-30T04:08:09.147227
Việc làm Tài chính/Ngân hàng/Bảo hiểm,,Thỏa thuận,,https://www.topcv.vn/tim-viec-lam-tai-chinh-ngan-hang-bao-hiem-cr206,TopCV,2026-01-30T04:08:09.147227
Việc làm Bất động sản,,Thỏa thuận,,https://www.topcv.vn/tim-viec-lam-bat-dong-san-cr333,TopCV,2026-01-30T04:08:09.147227
Việc làm Xây dựng,,Thỏa thuận,,https://www.topcv.vn/tim-viec-lam-xay-dung-cr1080,TopCV,2026-01-30T04:08:09.147227
Việc làm Kế toán/Kiểm toán/Thuế,,Thỏa thuận,,https://www.topcv.vn/tim-viec-lam-ke-toan-kiem-toan-thue-cr392,TopCV,2026-01-30T04:08:09.147227
Việc làm Sản xuất,,Thỏa thuận,,https://www.topcv.vn/tim-viec-lam-san-xuat-cr417,TopCV,2026-01-30T04:08:09.147227
Việc làm Giáo dục/Đào tạo,,Thỏa thuận,,https://www.topcv.vn/tim-viec-lam-giao-duc-dao-tao-cr477,TopCV,2026-01-30T04:08:09.147227
Việc làm Bán lẻ/Dịch vụ đời sống,,Thỏa thuận,,https://www.topcv.vn/tim-viec-lam-ban-le-dich-vu-doi-song-cr544,TopCV,2026-01-30T04:08:09.147227
Việc làm Phim và truyền hình/Báo chí/Xuất bản,,Thỏa thuận,,https://www.topcv.vn/tim-viec-lam-phim-va-truyen-hinh-bao-chi-xuat-ban-cr612,TopCV,2026-01-30T04:08:09.147227
Việc làm Điện/Điện tử/Viễn thông,,Thỏa thuận,,https://www.topcv.vn/tim-viec-lam-dien-dien-tu-vien-thong-cr644,TopCV,2026-01-30T04:08:09.147227
Việc làm Logistics/Thu mua/Kho/Vận tải,,Thỏa thuận,,https://www.topcv.vn/tim-viec-lam-logistics-thu-mua-kho-van-tai-cr711,TopCV,2026-01-30T04:08:09.147227
Việc làm Tư vấn chuyên môn,,Thỏa thuận,,https://www.topcv.vn/tim-viec-lam-tu-van-chuyen-mon-cr750,TopCV,2026-01-30T04:08:09.147227
Việc làm Dược/Y tế/Sức khoẻ/Công nghệ sinh học,,Thỏa thuận,,https://www.topcv.vn/tim-viec-lam-duoc-y-te-suc-khoe-cong-nghe-sinh-hoc-cr781,TopCV,2026-01-30T04:08:09.147227
Việc làm Thiết kế,,Thỏa thuận,,https://www.topcv.vn/tim-viec-lam-thiet-ke-cr826,TopCV,2026-01-30T04:08:09.147227
Việc làm Nhà hàng/Khách sạn/Du lịch,,Thỏa thuận,,https://www.topcv.vn/tim-viec-lam-nha-hang-khach-san-du-lich-cr857,TopCV,2026-01-30T04:08:09.147227
Việc làm Năng lượng/Môi trường/Nông nghiệp,,Thỏa thuận,,https://www.topcv.vn/tim-viec-lam-nang-luong-moi-truong-nong-nghiep-cr883,TopCV,2026-01-30T04:08:09.147227
Việc làm Tài xế,,Thỏa thuận,,https://www.topcv.vn/tim-viec-lam-tai-xe-cr1010,TopCV,2026-01-30T04:08:09.147227
Việc làm Biên phiên dịch,,Thỏa thuận,,https://www.topcv.vn/tim-viec-lam-bien-phien-dich-cr1013,TopCV,2026-01-30T04:08:09.147227
Việc làm Luật,,Thỏa thuận,,https://www.topcv.vn/tim-viec-lam-luat-cr1014,TopCV,2026-01-30T04:08:09.147227
Việc làm Nhóm nghề khác,,Thỏa thuận,,https://www.topcv.vn/tim-viec-lam-nhom-nghe-khac-cr899,TopCV,2026-01-30T04:08:09.147227
Việc làm tại Hải Phòng,,Thỏa thuận,,https://www.topcv.vn/tim-viec-lam-moi-nhat-tai-hai-phong-l9,TopCV,2026-01-30T04:08:09.147227
Việc làm tại Đà Nẵng,,Thỏa thuận,,https://www.topcv.vn/tim-viec-lam-moi-nhat-tai-da-nang-l8,TopCV,2026-01-30T04:08:09.147227
Việc làm tại Bắc Ninh,,Thỏa thuận,,https://www.topcv.vn/tim-viec-lam-moi-nhat-tai-bac-ninh-l4,TopCV,2026-01-30T04:08:09.147227
Việc làm tại Cần Thơ,,Thỏa thuận,,https://www.topcv.vn/tim-viec-lam-moi-nhat-tai-can-tho-l20,TopCV,2026-01-30T04:08:09.147227
Việc làm tại Bình Dương,,Thỏa thuận,,https://www.topcv.vn/tim-viec-lam-moi-nhat-tai-binh-duong-l3,TopCV,2026-01-30T04:08:09.147227
Việc làm tại Vĩnh Phúc,,Thỏa thuận,,https://www.topcv.vn/tim-viec-lam-moi-nhat-tai-vinh-phuc-l67,TopCV,2026-01-30T04:08:09.147227
Việc làm tại Đồng Nai,,Thỏa thuận,,https://www.topcv.vn/tim-viec-lam-moi-nhat-tai-dong-nai-l5,TopCV,2026-01-30T04:08:09.147227
Việc làm tại Long An,,Thỏa thuận,,https://www.topcv.vn/tim-viec-lam-moi-nhat-tai-long-an-l40,TopCV,2026-01-30T04:08:09.147227
Việc làm Tài xế,,Thỏa thuận,,https://www.topcv.vn/tim-viec-lam-tai-xe-cr1042cb1049,TopCV,2026-01-30T04:08:09.147227
Việc làm Bảo vệ,,Thỏa thuận,,https://www.topcv.vn/tim-viec-lam-bao-ve,TopCV,2026-01-30T04:08:09.147227
Việc làm Công nhân,,Thỏa thuận,,https://www.topcv.vn/tim-viec-lam-cong-nhan-cr1042cb1045,TopCV,2026-01-30T04:08:09.147227
Việc làm Nhân viên kho,,Thỏa thuận,,https://www.topcv.vn/tim-viec-lam-nhan-vien-kho-cl741,TopCV,2026-01-30T04:08:09.147227
Việc làm Shipper (Nhân viên giao hàng),,Thỏa thuận,,https://www.topcv.vn/tim-viec-lam-shipper-nhan-vien-giao-hang-cl574,TopCV,2026-01-30T04:08:09.147227
Việc làm Thu ngân,,Thỏa thuận,,https://www.topcv.vn/tim-viec-lam-thu-ngan-cl202,TopCV,2026-01-30T04:08:09.147227
Việc làm Lễ tân/Đón tiếp,,Thỏa thuận,,https://www.topcv.vn/tim-viec-lam-le-tan-don-tiep-cl863,TopCV,2026-01-30T04:08:09.147227
Việc làm Pha chế (Barista),,Thỏa thuận,,https://www.topcv.vn/tim-viec-lam-pha-che-barista-cl870,TopCV,2026-01-30T04:08:09.147227
Việc làm Trực page,,Thỏa thuận,,https://www.topcv.vn/tim-viec-lam-truc-page-cl167,TopCV,2026-01-30T04:08:09.147227
Việc làm Thợ may,,Thỏa thuận,,https://www.topcv.vn/tim-viec-lam-tho-may-cl448,TopCV,2026-01-30T04:08:09.147227
Việc làm Thợ cơ khí,,Thỏa thuận,,https://www.topcv.vn/tim-viec-lam-tho-co-khi-cl429,TopCV,2026-01-30T04:08:09.147227
Việc làm Công nhân xây dựng,,Thỏa thuận,,https://www.topcv.vn/tim-viec-lam-cong-nhan-xay-dung-cl1068,TopCV,2026-01-30T04:08:09.147227
Việc làm Công nhân thời vụ,,Thỏa thuận,,https://www.topcv.vn/tim-viec-lam-cong-nhan-thoi-vu-cl1057,TopCV,2026-01-30T04:08:09.147227
Việc làm Bốc xếp hàng hóa,,Thỏa thuận,,https://www.topcv.vn/tim-viec-lam-boc-xep-hang-hoa-cl475,TopCV,2026-01-30T04:08:09.147227
Việc làm Đóng gói hàng hóa,,Thỏa thuận,,https://www.topcv.vn/tim-viec-lam-dong-goi-hang-hoa-cl474,TopCV,2026-01-30T04:08:09.147227
Việc làm Nhân viên môi trường,,Thỏa thuận,,https://www.topcv.vn/tim-viec-lam-nhan-vien-moi-truong-cl892,TopCV,2026-01-30T04:08:09.147227
Việc làm Công nhân chăn nuôi,,Thỏa thuận,,https://www.topcv.vn/tim-viec-lam-cong-nhan-chan-nuoi-cl895,TopCV,2026-01-30T04:08:09.158664
Việc làm Công nhân làm nước đá,,Thỏa thuận,,https://www.topcv.vn/tim-viec-lam-cong-nhan-lam-nuoc-da-cl1066,TopCV,2026-01-30T04:08:09.158664
Việc làm Công nhân xưởng gỗ,,Thỏa thuận,,https://www.topcv.vn/tim-viec-lam-cong-nhan-xuong-go-cl1059,TopCV,2026-01-30T04:08:09.158664
Việc làm Công nhân bao bì,,Thỏa thuận,,https://www.topcv.vn/tim-viec-lam-cong-nhan-bao-bi-cl1064,TopCV,2026-01-30T04:08:09.158664
Việc làm Công nhân điện tử,,Thỏa thuận,,https://www.topcv.vn/tim-viec-lam-cong-nhan-dien-tu-cl1067,TopCV,2026-01-30T04:08:09.158664
Việc làm Công nhân sản xuất,,Thỏa thuận,,https://www.topcv.vn/tim-viec-lam-cong-nhan-san-xuat-cl466,TopCV,2026-01-30T04:08:09.158664
Việc làm Công nhân ép nhựa,,Thỏa thuận,,https://www.topcv.vn/tim-viec-lam-cong-nhan-ep-nhua-cl1065,TopCV,2026-01-30T04:08:09.158664
Việc làm Công nhân giày da,,Thỏa thuận,,https://www.topcv.vn/tim-viec-lam-cong-nhan-giay-da-cl1063,TopCV,2026-01-30T04:08:09.158664
Việc làm Công nhân vận hành máy,,Thỏa thuận,,https://www.topcv.vn/tim-viec-lam-cong-nhan-van-hanh-may-cl1061,TopCV,2026-01-30T04:08:09.158664
Việc làm Công nhân khai thác than,,Thỏa thuận,,https://www.topcv.vn/tim-viec-lam-cong-nhan-khai-thac-than-cl1058,TopCV,2026-01-30T04:08:09.158664
Việc làm Công nhân lắp ráp,,Thỏa thuận,,https://www.topcv.vn/tim-viec-lam-cong-nhan-lap-rap-cl1060,TopCV,2026-01-30T04:08:09.158664
Việc làm Công nhân xếp quần áo,,Thỏa thuận,,https://www.topcv.vn/tim-viec-lam-cong-nhan-xep-quan-ao-cl1062,TopCV,2026-01-30T04:08:09.158664
Việc làm Việc làm Công nhân khác,,Thỏa thuận,,https://www.topcv.vn/tim-viec-lam-viec-lam-cong-nhan-khac-cl1069,TopCV,2026-01-30T04:08:09.158664
Việc làm Tài xế taxi,,Thỏa thuận,,https://www.topcv.vn/tim-viec-lam-tai-xe-taxi-cl576,TopCV,2026-01-30T04:08:09.158664
Việc làm Tài xế B2,,Thỏa thuận,,https://www.topcv.vn/tim-viec-lam-tai-xe-b2-cl1072,TopCV,2026-01-30T04:08:09.158664
Việc làm Tài xế xe tải,,Thỏa thuận,,https://www.topcv.vn/tim-viec-lam-tai-xe-xe-tai-cl578,TopCV,2026-01-30T04:08:09.158664
Việc làm Phụ xe,,Thỏa thuận,,https://www.topcv.vn/tim-viec-lam-phu-xe-cl726,TopCV,2026-01-30T04:08:09.158664
Việc làm Lái xe cho sếp,,Thỏa thuận,,https://www.topcv.vn/tim-viec-lam-lai-xe-cho-sep-cl1073,TopCV,2026-01-30T04:08:09.158664
Việc làm Tài xế công nghệ,,Thỏa thuận,,https://www.topcv.vn/tim-viec-lam-tai-xe-cong-nghe-cl1009,TopCV,2026-01-30T04:08:09.158664
Việc làm Tài xế container,,Thỏa thuận,,https://www.topcv.vn/tim-viec-lam-tai-xe-container-cl1071,TopCV,2026-01-30T04:08:09.158664
Việc làm Tài xế lái xe văn phòng,,Thỏa thuận,,https://www.topcv.vn/tim-viec-lam-tai-xe-lai-xe-van-phong-cl198,TopCV,2026-01-30T04:08:09.158664
Việc làm Tài xế xe khách,,Thỏa thuận,,https://www.topcv.vn/tim-viec-lam-tai-xe-xe-khach-cl579,TopCV,2026-01-30T04:08:09.158664
Việc làm Tài xế lái xe nâng,,Thỏa thuận,,https://www.topcv.vn/tim-viec-lam-tai-xe-lai-xe-nang-cl454,TopCV,2026-01-30T04:08:09.158664
Việc làm Tài xế lái xe đường dài,,Thỏa thuận,,https://www.topcv.vn/tim-viec-lam-tai-xe-lai-xe-duong-dai-cl1004,TopCV,2026-01-30T04:08:09.158664
Việc làm Bưu tá,,Thỏa thuận,,https://www.topcv.vn/tim-viec-lam-buu-ta-cl1006,TopCV,2026-01-30T04:08:09.158664
Việc làm Phân loại/Sắp xếp hàng hoá,,Thỏa thuận,,https://www.topcv.vn/tim-viec-lam-phan-loai-sap-xep-hang-hoa-cl737,TopCV,2026-01-30T04:08:09.158664
Việc làm Sửa chữa điện thoại,,Thỏa thuận,,https://www.topcv.vn/tim-viec-lam-sua-chua-dien-thoai-cl585,TopCV,2026-01-30T04:08:09.158664
Việc làm Bảo vệ,,Thỏa thuận,,https://www.topcv.vn/tim-viec-lam-bao-ve-cl200,TopCV,2026-01-30T04:08:09.158664
Việc làm Sửa chữa/Bảo trì điện nước,,Thỏa thuận,,https://www.topcv.vn/tim-viec-lam-sua-chua-bao-tri-dien-nuoc-cl366,TopCV,2026-01-30T04:08:09.158664
Việc làm Thợ sửa khoá,,Thỏa thuận,,https://www.topcv.vn/tim-viec-lam-tho-sua-khoa-cl590,TopCV,2026-01-30T04:08:09.158664
Việc làm Thợ điện,,Thỏa thuận,,https://www.topcv.vn/tim-viec-lam-tho-dien-cl655,TopCV,2026-01-30T04:08:09.158664
Việc làm Thợ điện lạnh,,Thỏa thuận,,https://www.topcv.vn/tim-viec-lam-tho-dien-lanh-cl367,TopCV,2026-01-30T04:08:09.158664
Việc làm Bảo trì tòa nhà,,Thỏa thuận,,https://www.topcv.vn/tim-viec-lam-bao-tri-toa-nha-cl377,TopCV,2026-01-30T04:08:09.158664
Việc làm Thợ sửa xe,,Thỏa thuận,,https://www.topcv.vn/tim-viec-lam-tho-sua-xe-cl594,TopCV,2026-01-30T04:08:09.158664
Việc làm Nhân viên rửa xe,,Thỏa thuận,,https://www.topcv.vn/tim-viec-lam-nhan-vien-rua-xe-cl595,TopCV,2026-01-30T04:08:09.158664
Việc làm Sửa chữa máy tính và máy in,,Thỏa thuận,,https://www.topcv.vn/tim-viec-lam-sua-chua-may-tinh-va-may-in-cl586,TopCV,2026-01-30T04:08:09.158664
Việc làm Lắp đặt/bảo trì thang máy,,Thỏa thuận,,https://www.topcv.vn/tim-viec-lam-lap-dat-bao-tri-thang-may-cl372,TopCV,2026-01-30T04:08:09.158664
Việc làm Việc làm Bảo vệ/Bảo trì/Sửa chữa khác,,Thỏa thuận,,https://www.topcv.vn/tim-viec-lam-viec-lam-bao-ve-bao-tri-sua-chua-khac-cl1055,TopCV,2026-01-30T04:08:09.158664
Việc làm Vệ sinh/Tạp vụ,,Thỏa thuận,,https://www.topcv.vn/tim-viec-lam-ve-sinh-tap-vu-cl201,TopCV,2026-01-30T04:08:09.158664
Việc làm Giúp việc,,Thỏa thuận,,https://www.topcv.vn/tim-viec-lam-giup-viec-cl572,TopCV,2026-01-30T04:08:09.158664
Việc làm Bảo mẫu/Người trông trẻ,,Thỏa thuận,,https://www.topcv.vn/tim-viec-lam-bao-mau-nguoi-trong-tre-cl591,TopCV,2026-01-30T04:08:09.158664
Việc làm Nhân viên dọn vệ sinh,,Thỏa thuận,,https://www.topcv.vn/tim-viec-lam-nhan-vien-don-ve-sinh-cl570,TopCV,2026-01-30T04:08:09.158664
Việc làm Dịch vụ vệ sinh/nhà cửa khác,,Thỏa thuận,,https://www.topcv.vn/tim-viec-lam-dich-vu-ve-sinh-nha-cua-khac-cl972,TopCV,2026-01-30T04:08:09.158664
Việc làm Phun xăm thẩm mỹ,,Thỏa thuận,,https://www.topcv.vn/tim-viec-lam-phun-xam-tham-my-cl563,TopCV,2026-01-30T04:08:09.158664
Việc làm Thợ xăm (Tattoo Artist),,Thỏa thuận,,https://www.topcv.vn/tim-viec-lam-tho-xam-tattoo-artist-cl937,TopCV,2026-01-30T04:08:09.158664
Việc làm Kỹ thuật viên Spa,,Thỏa thuận,,https://www.topcv.vn/tim-viec-lam-ky-thuat-vien-spa-cl560,TopCV,2026-01-30T04:08:09.158664
Việc làm Thợ cắt tóc,,Thỏa thuận,,https://www.topcv.vn/tim-viec-lam-tho-cat-toc-cl564,TopCV,2026-01-30T04:08:09.158664
Việc làm Thợ nail/mi,,Thỏa thuận,,https://www.topcv.vn/tim-viec-lam-tho-nail-mi-cl562,TopCV,2026-01-30T04:08:09.158664
Việc làm Nhân viên massage,,Thỏa thuận,,https://www.topcv.vn/tim-viec-lam-nhan-vien-massage-cl569,TopCV,2026-01-30T04:08:09.158664
Việc làm Dịch vụ làm đẹp khác,,Thỏa thuận,,https://www.topcv.vn/tim-viec-lam-dich-vu-lam-dep-khac-cl917,TopCV,2026-01-30T04:08:09.158664
Việc làm Đầu bếp,,Thỏa thuận,,https://www.topcv.vn/tim-viec-lam-dau-bep-cl865,TopCV,2026-01-30T04:08:09.158664
Việc làm Phục vụ,,Thỏa thuận,,https://www.topcv.vn/tim-viec-lam-phuc-vu-cl862,TopCV,2026-01-30T04:08:09.158664
Việc làm Phụ bếp,,Thỏa thuận,,https://www.topcv.vn/tim-viec-lam-phu-bep-cl867,TopCV,2026-01-30T04:08:09.158664
Việc làm Thợ làm bánh,,Thỏa thuận,,https://www.topcv.vn/tim-viec-lam-tho-lam-banh-cl869,TopCV,2026-01-30T04:08:09.158664
Việc làm Chuyên môn Nhà hàng/Dịch vụ ăn uống khác,,Thỏa thuận,,https://www.topcv.vn/tim-viec-lam-chuyen-mon-nha-hang-dich-vu-an-uong-khac-cl996,TopCV,2026-01-30T04:08:09.158664
Việc làm Giặt là,,Thỏa thuận,,https://www.topcv.vn/tim-viec-lam-giat-la-cl875,TopCV,2026-01-30T04:08:09.158664
Việc làm Bellman (nhân viên hành lý),,Thỏa thuận,,https://www.topcv.vn/tim-viec-lam-bellman-nhan-vien-hanh-ly-cl873,TopCV,2026-01-30T04:08:09.158664
Việc làm Buồng phòng,,Thỏa thuận,,https://www.topcv.vn/tim-viec-lam-buong-phong-cl874,TopCV,2026-01-30T04:08:09.158664
Việc làm Nhân viên đỗ xe (Valet Parking),,Thỏa thuận,,https://www.topcv.vn/tim-viec-lam-nhan-vien-do-xe-valet-parking-cl876,TopCV,2026-01-30T04:08:09.158664
Việc làm PG,,Thỏa thuận,,https://www.topcv.vn/tim-viec-lam-pg-cl1077,TopCV,2026-01-30T04:08:09.158664
Việc làm Hiệu đính và nhập liệu,,Thỏa thuận,,https://www.topcv.vn/tim-viec-lam-hieu-dinh-va-nhap-lieu-cl623,TopCV,2026-01-30T04:08:09.158664
Việc làm Nhân viên siêu thị,,Thỏa thuận,,https://www.topcv.vn/tim-viec-lam-nhan-vien-sieu-thi-cl556,TopCV,2026-01-30T04:08:09.158664
Việc làm Bán hàng siêu thị/cửa hàng tiện ích/tiện lợi,,Thỏa thuận,,https://www.topcv.vn/tim-viec-lam-ban-hang-sieu-thi-cua-hang-tien-ich-tien-loi-cl21,TopCV,2026-01-30T04:08:09.158664
Việc làm Nhân viên phát tờ rơi,,Thỏa thuận,,https://www.topcv.vn/tim-viec-lam-nhan-vien-phat-to-roi-cl1076,TopCV,2026-01-30T04:08:09.158664
Việc làm Bán hàng điện thoại,,Thỏa thuận,,https://www.topcv.vn/tim-viec-lam-ban-hang-dien-thoai-cl22,TopCV,2026-01-30T04:08:09.158664
Việc làm Nhân viên cây xăng,,Thỏa thuận,,https://www.topcv.vn/tim-viec-lam-nhan-vien-cay-xang-cl608,TopCV,2026-01-30T04:08:09.158664
Việc làm Thợ cắm hoa,,Thỏa thuận,,https://www.topcv.vn/tim-viec-lam-tho-cam-hoa-cl602,TopCV,2026-01-30T04:08:09.158664
Việc làm Thợ cắt vải,,Thỏa thuận,,https://www.topcv.vn/tim-viec-lam-tho-cat-vai-cl449,TopCV,2026-01-30T04:08:09.158664
Việc làm Thợ thủ công mỹ nghệ,,Thỏa thuận,,https://www.topcv.vn/tim-viec-lam-tho-thu-cong-my-nghe-cl1074,TopCV,2026-01-30T04:08:09.158664
Việc làm Thợ thủ công khác,,Thỏa thuận,,https://www.topcv.vn/tim-viec-lam-tho-thu-cong-khac-cl1075,TopCV,2026-01-30T04:08:09.158664
Việc làm Thợ hàn,,Thỏa thuận,,https://www.topcv.vn/tim-viec-lam-tho-han-cl368,TopCV,2026-01-30T04:08:09.158664
Việc làm Thợ tiện,,Thỏa thuận,,https://www.topcv.vn/tim-viec-lam-tho-tien-cl431,TopCV,2026-01-30T04:08:09.158664
Việc làm Thợ khoan,,Thỏa thuận,,https://www.topcv.vn/tim-viec-lam-tho-khoan-cl1078,TopCV,2026-01-30T04:08:09.158664
Việc làm Thợ mài,,Thỏa thuận,,https://www.topcv.vn/tim-viec-lam-tho-mai-cl1079,TopCV,2026-01-30T04:08:09.158664
Việc làm Thợ phay,,Thỏa thuận,,https://www.topcv.vn/tim-viec-lam-tho-phay-cl430,TopCV,2026-01-30T04:08:09.158664
Việc làm Thợ Gia công cơ khí khác,,Thỏa thuận,,https://www.topcv.vn/tim-viec-lam-tho-gia-cong-co-khi-khac-cl966,TopCV,2026-01-30T04:08:09.158664
Việc làm Thợ xây/Thợ nề/Thợ hồ,,Thỏa thuận,,https://www.topcv.vn/tim-viec-lam-tho-xay-tho-ne-tho-ho-cl373,TopCV,2026-01-30T04:08:09.158664
Việc làm Thợ mộc,,Thỏa thuận,,https://www.topcv.vn/tim-viec-lam-tho-moc-cl369,TopCV,2026-01-30T04:08:09.158664
Việc làm Thợ sơn,,Thỏa thuận,,https://www.topcv.vn/tim-viec-lam-tho-son-cl371,TopCV,2026-01-30T04:08:09.158664
Việc làm Thợ nhôm kính,,Thỏa thuận,,https://www.topcv.vn/tim-viec-lam-tho-nhom-kinh-cl374,TopCV,2026-01-30T04:08:09.158664
Việc làm Thợ xây dựng khác,,Thỏa thuận,,https://www.topcv.vn/tim-viec-lam-tho-xay-dung-khac-cl375,TopCV,2026-01-30T04:08:09.158664
"Việc làm online tại
                    nhà",,Thỏa thuận,,https://www.topcv.vn/viec-lam-remote,TopCV,2026-01-30T04:08:09.158664
"Việc làm Bình
                    Định",,Thỏa thuận,,https://www.topcv.vn/tim-viec-lam-moi-nhat-tai-binh-dinh-l16,TopCV,2026-01-30T04:08:09.174798
"Tuyển
                    dụng Content Marketing",,Thỏa thuận,,https://www.topcv.vn/tim-viec-lam-content-marketing,TopCV,2026-01-30T04:08:09.174798
"Tuyển
                    lập trình viên PHP",,Thỏa thuận,,https://www.topcv.vn/tim-viec-lam-lap-trinh-vien-php,TopCV,2026-01-30T04:08:09.174798
"Tuyển
                    lập trình viên Java",,Thỏa thuận,,https://www.topcv.vn/tim-viec-lam-lap-trinh-vien-java,TopCV,2026-01-30T04:08:09.174798
"Tuyển
                    lập trình viên .Net",,Thỏa thuận,,https://www.topcv.vn/tim-viec-lam-lap-trinh-vien-net,TopCV,2026-01-30T04:08:09.174798
"Tuyển
                    dụng nhân viên marketing",,Thỏa thuận,,https://www.topcv.vn/tim-viec-lam-nhan-vien-marketing,TopCV,2026-01-30T04:08:09.174798
"Tìm việc
                    kế toán",,Thỏa thuận,,https://www.topcv.vn/tim-viec-lam-nhan-vien-ke-toan,TopCV,2026-01-30T04:08:09.174798
"Việc làm
                                tốt nhất",,Thỏa thuận,,https://www.topcv.vn/viec-lam-tot-nhat,TopCV,2026-01-30T04:08:09.174798
Việc làm lương cao,,Thỏa thuận,,https://www.topcv.vn/viec-lam-luong-cao,TopCV,2026-01-30T04:08:09.174798
"Việc làm
                                quản lý",,Thỏa thuận,,https://www.topcv.vn/viec-lam-quan-ly,TopCV,2026-01-30T04:08:09.174798
"Việc làm
                                bán
                                thời gian",,Thỏa thuận,,https://www.topcv.vn/tim-viec-lam-ban-thoi-gian-t3,TopCV,2026-01-30T04:08:09.174798
